description,id,location
Retired York Regional police officer living with a physical disability. I do not believe in fake science or government mandated drugs.,33,"Elliott Lake, Ontario, Canada"
"Telling the other side of the story.  Follow @RebelNewsOnline, @RebelNews_AU, @RebelNews_QC, @RebelNews_USA and @RebelNews_QC",34,Canada
Speaker. Author My Tar Sands Tipping Point w CBC. Communications Mngr-@FriendsOScience,35,
I Can Fart On Command  Community gardening is a tactic.,36,Desert Earth
Print and online journal dedicated to thoughtful journalism about environmental and other intersectional issues. Send pitches to submissions@earthisland.org.,37,"ÃœT: 37.7889,-122.401312"
,38,
"GeÃ³logo egresado del IPN, Premio Nacional 2003, Autor del libro Planeta Tierra, riesgos geolÃ³gicos y desastres naturales",39,Mexico D.F.
,40,
"I live on the florida gulf coast..and love it...I despise the GOP, it is the party of sexism, racism, corruption, and treason and traitors ..period..ğŸ¬ ğŸŒŠğŸŒŠğŸŒŠğŸ¬",41,Crestview Florida...gulf coast
Edward R. Murrow award winning Cree/Iroquois/French Human Rights Journalist. Mother. Warrior. A Force. BESTSELLING AUTHOR Our Voice of Fire #MMIWG #landback,42,"Stony Plain, AB- Treaty 6"
Single,43,Nigeria
Without Fear. Without Favor. https://t.co/CJ9xPqtNul,44,Makati City
,45,
"El mundo, una caricatura. Si retuiteo o refiero algo no necesariamente estoy de acuerdo con el tuit original. Solo hay un MÃ©xico. CuidÃ©moslo.",46,CDMX MÃ©xico
à¤¸à¤¤à¥à¤¯à¤‚ à¤µà¤¾ à¤®à¥Œà¤¨à¤®à¥,47,à¤…à¤Ÿà¤²à¤¾à¤£à¥à¤Ÿà¤¿à¤¸à¥
"Occupying the present, while respecting the past to prepare for the future",48,
Fmr Hotshot Overhead/Crew Supervisor. Call it like it is. Subscribing to the Newsletter/Podcast supports firefighter donations and contentğŸ‘‡,49,MN\MT
Top news and features from AFP's reporters around the world.  Official account.,50,Around The World
Twitter WAS great. Now a cyber weapon. #IStandWithTrudeau Just left of centre. Not a fascist. LPC. Provincial @BCNDP.,51,Vancouver
"34, Politically minded. #Ğ¡Ğ»Ğ°Ğ²Ğ°Ğ£ĞºÑ€Ğ°Ñ—Ğ½Ñ–! ğŸ‡¨ğŸ‡¦â¤ï¸ğŸ‡ºğŸ‡¦",52,"Oakville, Ontario"
I am passionate about #News videos about #AtlanticCanada and #Canada.,53,
Avert is Canadaâ€™s only media brand dedicated to informing professionals involved in disaster management. #disasters #EMGTwitter,54,
Disabilities â€¢ Feminism â€¢  2SLGBTQIA+  Abolition â€¢ Active-Travel â€¢ Sustainability   Science â€¢ Nature â€¢ History @LyraBee@mstdn.social (she/her),55,Stolen Duwamish Land
MP for Scarborough Southwest. President of the Kingâ€™s Privy Council for Canada and Minister of Emergency Preparedness. Former Toronto Chief of Police. ğŸ‡¨ğŸ‡¦,56,"Scarborough, ON"
Certified Industrial Hygienist,57,"Greater Toronto Area, Canada"
"Doctor, Dad, Canadian. Personal tweets. Anesthesiologist.",58,"Ontario, CA"
Escribo sobre la crisis climÃ¡tica y ecolÃ³gica. ğŸŒ  Mastodon: https://t.co/A5OFt4QZ7U  #ClimateCrisis #ClimateEmergency,59,"Buenos Aires, Argentina"
Einer von uns beiden ist klÃ¼ger als du.,60,
"Director, @ICCCAD and Senior Associate @IIED. Work on adaptation to climate change. Views presented are my own.",61,"London, UK"
"Love learning, teaching, traveling, & embracing our world's cultures. In our diversity, there is always commonality.",62,"Lakeland, FL"
"Settler. Runner. Author. Past and Future Survivor. Often woke. #NAFOCatsDivision. If kindness isnâ€™t important to you, I canâ€™t be your friend. Also, #CancerSucks",63,Unceded kÊ·ikÊ·É™Æ›Ì“É™m territory
Actor. Producer. @UVa @Cuse @NewhouseSU I tell bad jokes. #GoHoos #UVaMensLax,64,D.C.
"Assistant Professor, Faculty of Ed @ Lakehead University, climate change educator & activist, mom. Tweets are my own and often crafted quickly.",65,"Orillia, Ontario"
ED at the Clean Economy Fund. Board member @IISD_News & @CanadianOrganic. In search of the perfect chocolate chip cookie.,66,
PLANETARY EMERGENCY. ğŸ‡³ğŸ‡´ğŸ‡²ğŸ‡½ğŸ‡¬ğŸ‡§ğŸ‡¿ğŸ‡¦ğŸ‡®ğŸ‡±ğŸ‡¬ğŸ‡·ğŸ‡ºğŸ‡¸ğŸ‡°ğŸ‡·ğŸ‡¨ğŸ‡³ğŸ‡¦ğŸ‡·ğŸ‡¨ğŸ‡¦ğŸ‡©ğŸ‡ªğŸ‡§ğŸ‡·ğŸ‡«ğŸ‡·ğŸ‡·ğŸ‡ºğŸ‡¹ğŸ‡·ğŸ‡ºğŸ‡¾ğŸ‡µğŸ‡¦ğŸ‡¯ğŸ‡µ,67,Planet Earth
"SismologÃ­a,UfologÃ­a,EcologÃ­a,TecnologÃ­a,PsicologÃ­a,SociologÃ­a,AstronomÃ­a,ExoPolÃ­tica,Guerras,Conspiraciones,NWO,Illuminatis,MetafÃ­sica,Salud y Bienestar (ES-IN)",68,En un rincÃ³n del Planeta
,69,USA
"First Nations advocate. Ex anti-racism facilitator. Dakelh FN Survived rez school, white feminism, sexual abuse. NO LISTS https://t.co/LeBntUiRagâ€¦",70,"Vancouver, British Columbia"
,71,
"Retired college prof. Loves nature, wildlife, pets, peace & social justice. It's not what u look at that matters. It's what u see. HD Thoreau. No DMs/Lists pls.",72,"Niagara Region, Ontario"
Premier of Ontario â€¢ Leader of the @OntarioPCParty â€¢ We're getting it done,73,Ontario
ğŸ#2025ğŸŒ .    .â¬†ï¸0â¬‡ï¸,74,
.#AnonOrg,75,"Melbourne, Victoria"
Journalism prof at Toronto's Centennial College and writer/editor @cbc. BA @uvic MA @RoyalRoads. Formerly @nationalpost @torontostar. Punk rock girl at heart.,76,Toronto
"Courage doesn't always roar. Sometimes courage is the quiet voice at the end of the day saying 'I will try again tomorrow.' Mary Anne Radmacher, American author",77,Midwest
"Aardwetenschapper; bodemkunde, permafrost, klimaat, natuur. Geboren bij CO2 312 ppm (nu 421 ppm).",78,
,79,France
"Weather and sports junky. LIDAR, GPS, GIS, Drone and Cartography Specialist. Proud Father and Husband. Die-hard Boston Bruins fan!",80,
Reporting on real-time space events. Join our newsletter ğŸ‘‡,81,
"Recovering academic. Interested in politics, human rights, social justice, social research. Professional writer, editor, and artist. Mastodon: @DexterDog@mas.to",82,Toronto
,83,
Bomberos Forestales. Wildland Firefighters Spain. Cuidando el monte. Ahora inactivo. Aprendiendo y divulgando sobre incendios forestales. Y lo que me de la gana,84,Puerto de BÃ©jar (Salamanca)
"This is Mama Meerkat's curated feed of significant news stories from around the world, with special focus on severe weather and natural disasters.",85,USA
Why destroy our fragile #climate just to satisfy fossil fuel profit margins when we can go green save life on Earth #Arctic #keepitintheground #climatechange,86,
,87,
universal love ğŸ¶ğŸµğŸ¶ğŸ¶ğŸ¶,88,"New Jersey, USA"
The pulse of the nation in the palm of your hand.,89,"USA TODAY HQ, McLean, Va."
"editor, writer, talking head, optimistic nomad, loyal to the end",90,
"ğŸ“º The Agenda with @spaikin & @namshine Weeknights at 8/11pm ET https://t.co/fQOHYejtau  ğŸ—ï¸ TVO Today: current affairs journalism, podcasts & documentaries https://t.co/3ffz64TtYs",91,Ontario
,92,
Orgullosamente Veracruzana â¤ï¸ğŸ‡²ğŸ‡½ De regreso amigos ğŸ’ƒ I am backkkkkkkkk. (BARRENECHEA),93,MÃ©xico ğŸ‡²ğŸ‡½
Just taking notes,94,Toronto
Breaking Canadian news with a fresh perspective on local & international headlines ğŸš¨YT: https://t.co/ZNfHkcI2Pk ğŸš¨ TikTok: https://t.co/accIYMdCHe,95,
#FreeAssange #FreeAnimals #NoMigrantesğŸ‡¨ğŸ‡± #ChileSinRodeo #LibertadAPresosPolÃ­ticos #Octubrista #VoricAmarilloQlo BloqueÃ³ ğŸ¤–,96,Mi hogar no esta aqui
La actividad del ser humano en el planeta Tierra y sus alrededores.,97,Planeta Tierra
,98,Ciudad de MÃ©xico
Alberta Prime Times - A daily source of news and information for Albertans in the prime of their life.  Powered by Edmonton Prime Times and Calgary Prime Times.,99,Alberta
https://t.co/DQai0jtFOz Heavy Equipment Operator Disabled Veteran Business Owner Fire Photographer.Mike.Fila.Photography@gmail.com,100,
"Pronouns Hairy/Ape, and are you KIDDING me?? Love The Farm, capturing wildlife on the Critter Cams, fighting for freedom ğŸ˜ŠğŸ‡¨ğŸ‡¦ğŸ‡¨ğŸ‡¦ğŸ‡¨ğŸ‡¦ğŸ‡¨ğŸ‡¦ğŸš›ğŸššğŸš’",101,
â€œI will forever be (Emergency Use Authorization + Immunity from Liability) hesitantâ€ I retweet a lot. @ Rulala on GETTR #noDigitalID,102,
Following fire and emergency news in Halifax. Not formally affiliated with Halifax Fire.  Option to support the page: https://t.co/N7kV7Hej6T,103,
"A retired, disabled, high school History & Celtic Studies Educator. I have been to 16 countries with People to People.  joined Mastodon @kam3266@newsie.social",104,
"Proud Nova Scotian.  RTs/links=not endorsements.  I seek knowledge.  Military, sports, politics, intel/global affairs.  My opinions here are my own.  #NSstrong",105,"Yarmouth, Nova Scotia"
"Advancing the power of facts, globally ğŸŒ",106,Global
"I'm mostly interested in #BCNews, #Vancouver and #CanadaNews.",107,
Fiction writer. Occasionally gets in trouble  | Book link:  https://t.co/MbzydkUE8U | AO3: https://t.co/DIfmlTKpP0  | ğŸ” GenX,108,Kanada
Bob average Joe blow eat hotdog cheese pizza. Bob cherry coke at movies,109,
Retired college teacher & persistent writer. Now on Substack https://t.co/ZI2mFCndIM Born 1941 (CO2 ppm: 310). Polio survivor.,110,"North Vancouver, BC"
Perpetually curious,111,New Songhees (Esquimalt) BC
"Aerial Firefighters based in Bozeman, Montana. Our mission is to protect the lives, property, and habitats threatened by wildfires.",112,"Bozeman, MT"
"Professor, University of Alberta, intersecting Indigenous epistemologies, water, climate change and the wellbeing of species.",113,Canada & Aotearoa New Zealand
Our stories told our way.,114,
Laugh & scroll,115,"Sausalito, CA"
"Avec le nihilisme, pas de discussion possible; car le nihiliste logique doute que son interlocuteur existe, et il n'est pas bien sÃ»r d'exister lui-mÃªme. v. hugo",116,
,117,"London, EnglandğŸ‡¬ğŸ‡§"
Photographer | politics/social-enviro justice/anti-oppression/addiction recovery/Basic Income/culture critiques/MCS enviro sensitivity (he/him),118,"Guelph, Ontario"
Watching the world spin madly on... Make no claims to the authenticity of the content.  The Unreality is here & verification is going to be impossible.,119,On the same planet as everyone
"Happily married! Deeply Canadian, humanist (1 human race), anti-fascist, like fitness, photography. Photo's Â©ï¸ except RT. #WiseWords #LiteracyConnectsUs",120,Canada
pastaio,121,bratislava
,122,
,123,
KamloopsBCNow Stuff that Matters.,124,"Kamloops, BC"
Male,125,"Calgary, Alberta, Canada"
Nova Scotia Canada ğŸ‡¨ğŸ‡¦,126,Canada
"Following wiser heads, smarter news. Let's share them people.",127,Ngunnawal/Ngambri country
"Î•Î¯Î¼Î±Î¹ ÏƒÎ±Î½ Ï„Î¿ Ï€Î¿Î´Î®Î»Î±Ï„Î¿, Î¼Ï€Î¿ÏÎµ; Î½Î± Î¼Îµ Ï€Î±ÏÎ±Ï„Î®ÏƒÎµÎ¹Ï‚ Î³Î¹Î±  ÎºÎ±Î¹ÏÏŒ Î±Î»Î»Î¬ Ï€Î¬Î½Ï„Î± Î¼Îµ Î¸Ï…Î¼Î¬ÏƒÎ±Î¹.: )  Î ÎµÏÎ¹Î²Î±Î»Î»Î¿Î½Ï„Î¿Î»ÏŒÎ³Î¿Ï‚. Environmental Scientist Homo sapiens, Athens Greece GenX",128,"Athens, Greece"
"AmeriCanadian writer + knowledge junkie. I love: Science. Art. Humo/ur. In Nova Scotia and Central Illinois via Chicago & Portland, Maine.",129,"Halifax, Nova Scotia"
Generalist. I learn. I think. Sometimes I write about it. (he/him) My links: https://t.co/VtEBxZds4Z,130,"San Francisco, CA"
Love ğŸŒµğŸ˜ğŸ•ğŸˆâ€â¬›âœˆï¸ğŸŒâš¾ï¸#Biden ğŸ•¶#Resist#Democrat No DMs,131,
"(Verify this BitchesğŸ–•)  ** Skywarn Severe Weather Spotter* â€¢Forman/Technician at  CRCRV â€¢Musician, Craftsmen & President of D&B Small Engine Service &  Repairâ€¢",132,"Hilden, NS"
"Certified #permaculture designer, #foodsecurity #voiceovers ecology-compost-politics-philosophy-positive solutions-clean energy-media literacy-communications",133,"Okanagan, British Columbia"
#Aotearoa #NZ,134,"Auckland, New Zealand"
"Drops of rain whisper on payne, tears of love lost days gone by as mountain's crumble to the sea",135,
"Director Climate Emergency Institute, IPCC expert reviewer, Co-author Unprecedented Crime, published on climate change, sustainable development, biodiversity,",136,Victoria BC Canada
Das geht jetzt so weiter.,137,Austria
"News Curator, Content Curator",138,
"All the latest from the foreign desk at the @Guardian in London and all points north, south, east and west",139,London
#Periodista i persona. #journalist @apuntnoticies @apuntmedia Ex @radioeuskadi Sempre per als #meus #valenciÃ  #euskera #castellano #english,140,Entre La Vall dâ€™UixÃ² i Tolosa
I like books. I like chocolate. I make amazing brownies and am probably in the middle of creating my next cosplay outfit. she/her,141,
"Sikh-Canadian dancing Bhangra â€” traditional folk dance of PunjabğŸš©, and talking about joy, hope, positivity and inclusivity for healing/optimism.",142,"Yukon, Canada"
Fire Dept./Academy SCBA Tech ; Alumni- @BrowardFireAcad ; Per Diem Spectator- @flapanthers ; Ground Ops Crew- @JetBlue | My Tweets!,143,"Deerfield Beach, FL"
"Angry and afraid - because I am paying attention. Board member, Carleton and U of Ottawa alumna, married mom of millennial daughters",144,Ottawa
,145,
"Volcanologist, climate scientist, writer, broadcaster, activist, socialist, best-selling author of HOTHOUSE EARTH: AN INHABITANT'S GUIDE.  Born @ 313",146,The wonderful Peak District
"Local news, events, sports, entertainment and more.  Use the hashtag #PentictonNow",147,"Penticton, British Columbia"
Stuff that Matters,148,Prince George
Official account for news outlet https://t.co/8aZ32Qjrr4: Stuff That Matters. Instagram: kelownanow,149,"Kelowna, BC, Canada"
A fresh look at community news that matters to you â€” thatâ€™s the mission of the Prince George Post. Sign up for our newsletter here: https://t.co/QbVEcodFDh,150,"Prince George, BC"
"Official tweets of The Day Trading Academy.  Where traders find success, wealth, or freedom through #investing and #trading.  Let's Create Your Lifestyle.",151,Worldwide
June is the month dedicated to the Sacred Heart of Jesus!ğŸ™ğŸ»ğŸ™ğŸ»ğŸ™ğŸ»â¤ï¸â€ğŸ”¥,152,Canada eh!ğŸ‡¨ğŸ‡¦ğŸ‡¨ğŸ‡¦ğŸ‡¨ğŸ‡¦
Semiretired librarian. Liberal. Member of the Independent Company. Iâ€™m interested mainly (not exclusively) in Canadaâ€™s role in the World Wars. Opinions my own.,153,"Bruce County, ON"
"History nerd tending to pedantry. PO1 Naval Communicator, RCN.  All opinions are my own.",154,"Halifax, Nova Scotia"
"Re-enactor/living historian, SWW enthusiast, ISPinvestigator, cyclist, #Chatterton, Horsa won the SWW",155,
"Co-author of 1995 Good Tea Guide, CCCU alumni, former World Record Holder, Captain Soave to the Independent Company - views are my own. I have paused",156,Kent & London
Jane Gulliford Lowes Author/Lawyer/Military History/Halifax Bomber nerd/Where Eagles Dare fanğŸ“šAbove Us The Stars 10 Sqn Bomber Command. New project #Lofoten41,157,Woods due west of castle
Husband and Dad. An ancient PE teacher but a younger history teacher. SAFC ğŸ”´âšªï¸ and Durham CCC ğŸ. Trying to be a bandit on the golf course.. â›³ï¸,158,Seaton Village - 'Dun Cowish'
History is my thing. LoveğŸ˜. Like a ğŸ‘’. Book reader. Pod listener. Take the odd picture. Inspiration: Hermione Ranfurly. Girly swot. Organised Chaos.,159,"Here, there, everywhere"
ğŸ‡¬ğŸ‡¬ Warro! IC member #158. Blog about Occupation of the Channel Islands https://t.co/MeX6xGEw69. Also  @fortress_island. Find me on https://t.co/62ARrmzqav,160,"Saint Sampson, Guernsey"
Bristol Rovers. Springsteen. Aspiring scale model maker. Likes hats. The Independent Company #479 @nickgrubb@mastodon.world,161,
Goddess who fought hard to be that. Heart recipient #organdonation . Family is my everything. #policeğŸ’™ #detective #veteran #education #Grandma,162,Amor Fati ğŸ’ğŸ’ğŸŒˆğŸ’™
"Singer & muso from Medway Towns, Kent. Love my Wife & Son. Train Guard on mainline. Interests F & SWW, F1, Rugby & The Railways. @WeHaveWaysPod IC #132",163,"Medway Towns, Kent, UK"
Bees donâ€™t waste their time explaining to flies that honey is better than shit,164,Guernsey
"Barrister, Guernsey Advocate, International Playboy (semi retired), IC member 34 & v grumpy old man - all views expressed are mine all mine! RT â‰  endorsement.",165,"Guernsey, Channel Islands"
"Travel, f&b, sport and a proud member of the Independent Company #1737. Views my own..",166,"Brighton, England"
WeHaveWays IC Member #1962,167,"England, United Kingdom"
"married postie , keen follower @wehavewaysofmakingyoutalk  loves sww books, Dutch wife do a bit of running likes Arsenal FC ,#upsidedownbookclub1",168,uk
"Married to Claire, dad of Jacob & Emma, South Staffs exile, honorary ğŸ‡¬ğŸ‡¬, 14-18/39-45, IC #93, @KentCricket @rclens & @WBA MA student Second World War @wlv_uni",169,"White Cliffs Country, Kent"
"Happy (or just delirious) Dad with tolerant family, filling in odd spare moments & dreaming of Spitfires. IC#70. Ramblings are my own, retweets arenâ€™t.",170,About there...
History is everything we are. Music is our soul.  War #history my passion. Researching/writing about Chaplains at War. Sometime guitarist. #Yorkshire #SWFC,171,South Yorkshire
"Software Developer/Architect- OSDev, Embedded Systems, C/C++, Rust, x86-64/ARM Assembly, PAYPHONES.  Often sarcastic; Court Reporter; #TransRightsAreHumanRights",172,"Calgary, Alberta, Canada."
"fuck convites, chuds & terfs. prev. suspended for harassing Nazis.",173,
Organic computer existing inside a clumsy meat suit,174,Third Rock From the Sun
"@NWS Severe, Fire, Public, & Winter Weather Services Branch Chief | @AMS_WAF Chair | @AMS_Wea Editor | #Meteorologist | ğŸ‡ºğŸ‡¸ğŸ‡µğŸ‡­ | Opinions are my own.",175,"Bowie, MD"
"Tweets mainly about Severe Weather, Satellite imagery, Radar data, Climate - Based in Grenoble, France - Contact: nahel.belgherze@esrf.fr",176,France
"Refuse to be pigeon-holed by a mere sentence. Interests: world events, music, art, history, nature, science, UK, Earth. Politics: Liberty, Democracy, Ecology ğŸŒ",177,UK
"From newly charted astronomical anomalies at the far reaches of the universe to the rise of nanotechnology, nobody covers science like http://t.co/RtkLii8CUo.",178,
"Iâ€™ll try to reach and teach the World from my own, quiet corner. ABC! Twitter is nought but autocorrupt. Spring forth. ğŸ’œ ğŸ‡¨ğŸ‡¦ ğŸ‡ºğŸ‡¦ â˜®ï¸ ğŸŒˆ",179,"Nova Scotia, Canada"
"#MMTActivist #ForThePublicPurpose #RealProgressives Iâ€™m all about People, Peace, and Planetâ€” rooted in macroeconomic reality.",180,"New Hampshire, USA"
#PublicPolicy #ThinkTank #MMT #JobGuarantee #GreenJobs #Solar #FullEmployment #GreenTech #Jobs #ClimateAction #LearnMMT #Wind #Geothermal #Aquaponics #NoPlanetB,181,Planet Earth
"Canadian.  Tries to hate no one, failing most days due to Doug Ford, Donald Trump, McConnell and other Conservatives/Republicans in Canada and the US.",182,
mama â€¢ Newfoundlander hanging my hat in Nova Scotia â€¢ freelance writer â€¢ CAPS Sommelier â€¢ thrift shopper â€¢ breakfast sandwich enthusiast,183,"Halifax, NS"
Connect with us 7-days a week from 6am â€“ 11pm EST. Follow us for TD news & info. Our disclaimer: https://t.co/OK3cAlyXf6,184,"1,100+ branches across Canada"
"Be informed, stay aware and take action. Do unto others as they wish done to them. A collection of News Headlines Worldwide and Climate Change frontline news.",185,"Louisiana, USA"
Minister of ECC; Minister of MACA; Minister Responsible for Youth; MLA for Nahendeh,186,Northwest Territories
,187,
,188,"Oakton, VA"
,189,United States
â€œMay God ruin himâ€,190,
"Retired award-winning news director, anchor, commentator, analyst etc. I enthusiastically block assholes.",191,"Toronto, Canada"
(Rhymes with â€˜comma kittyâ€™) Retired lady who stays busy and loves America. Thanks to anyone who may read my tweets. (she/her) #BLM #ğŸ³ï¸â€ğŸŒˆğŸ‡ºğŸ‡¸ğŸ‡ºğŸ‡¦,192,
Cashâ€™s Mom,193,
,194,
Breaking news and more from CTV News.,195,
"Writer, Creator, Streamer, Game Journalist, Designer, Futurist, Neurodivergent Heretic | StackUp Charity Streamer | EIC - @AnjelSyndicate | Opinions are my own!",196,Pijinuiskaq - Nova Scotia
Watch weeknights at 6 p.m. AT on CBC TV or online: https://t.co/40tXpIQ7obâ€¦ https://t.co/ICV437icvs https://t.co/uobaZyndYH,197,Nova Scotia
"A Canadian fisherman with a camera sharing images of landscapes, ocean creatures, earth sciences, your health and the truth about the topical issues of the day.",198,"Clarks Harbour, NS, Canada"
like and subscribe.,199,"San Bruno, CA"
"Rocket Scientist, retired. ğŸ‡¨ğŸ‡¦ğŸŒğŸŒŠğŸ•µï¸â€â™‚ï¸#TheResistance",200,"Pacific Northwest, BC"
"Bio? Oh, no. Fiction writer. Golden Retriever girl. Flip-flop lover.",201,"Ontario, Canada"
#IndigenousLivesMatter #ArmyBrat #ClimateChange #TheResistanceğŸ³ï¸â€ğŸŒˆ #WildlifeSupport #LGBTQSupporter #BLM,202,"Nova Scotia, Canada"
Extremadura ğŸ’šğŸ¤ğŸ–¤,203,
,204,"British Columbia, Canada"
"Community-minded with a global conscience, we boldly redefine the university as a place of belonging.  Make your move #myTRU",205,"Kamloops, BC"
"I am a Friday person in a Monday world. #BLM #BlackLivesMatter Sober since 2005, #OneDayAtaTime, #PucksInDeep ,NO LISTS",206,"Okanaganopolis, Cascadia"
Committed to helping distinguish Thompson Rivers University as among the province's research leaders.   #TRUresearch,207,"Kamloops, BC, Canada"
,208,Canada
"Born @ 320 ppm she/her Just taking one breath at a time, Deep Adaptation ğŸ‡ªğŸ‡º",209,"UK, ZA, Pt, India, CR"
"Vox populi, vox mundi!",210,
"The Disaster Channel strives to capture the drama of the forces of nature along with news of the space & earth sciences. Hurricanes, tornadoes, volcanoes, fires",211,"Florida, USA"
"SARSAV is an association of search & rescue professionals who volunteer their time for training, search missions, prevention & awareness. CRA #873941645RR0001",212,Saskatchewan
Building a safe and resilient Canada. Suivez-nous en franÃ§ais @securite_canada. Terms of Use: https://t.co/U1jQAAWjMy,213,Canada
"Natural Resources Canada tweets about #Energy, #Mining, #Forestry Terms: https://t.co/I3TRfa7XTA FranÃ§ais : @RNCan",214,Canada
â€œThe first principle is that you must not fool yourself.â€ Dream2D phenomenon n Living3D- #Marketing #SocialMedia #Advertising ~ Married,215,
consulting programmer @dougfort@mastodon.social https://t.co/ptM4x3srwq,216,Arlington VA USA
#FireTwitter since 2017 | #wildfire + storm updates | West Coast #earthquake + #volcano + #spaceweather monitoring | @BCquakehelp,217,"West Coast, North America"
"The National Interagency Fire Center, or NIFC, is located in Boise, Idaho and is the nation's support center for wildland firefighting.",218,"Boise, Idaho"
"Won AGT15 Canada,3rd SOYTYCANS16, Coast Awards 2012-22, Animal Aromatherapist, @chasemasterson's fish - He/His Past International Director of Compliance Twitter",219,"Dartmouth, Nova Scotia"
"MBA, writer, environment advocate.  ""Justice moved my high maker; Divine power made me, Wisdom Supreme, and primal love.Before me no things were created...",220,United States
Irish Canadian Educator ğŸ‡¨ğŸ‡¦ ğŸ‡®ğŸ‡ª  UPEI SMU MSVU OISE UT All about the bass ğŸ¶  the poetic & the sociological NO DM'S,221,CanadağŸ
"K9 Handler, #GSAR Volunteer, #PIO. Instagram @cansark9. Tweets are my own, & may not be organizationally representative. Retweets donâ€™t endorse. BPR completed.",222,"Halifax, Nova Scotia, Canada"
"PREMILLENNIAL (God says what He means and means what He says) Born '52, born again '73. Author, grandad of 10. Editor of ""The Lord Is Near Devotional Calendar.""",223,"Nova Scotia, Canada"
ğŸ† Award Winning Videographer @DagleyMedia ğŸ¥ Content Creator ğŸ’ Weddings ğŸ— News ğŸ¤ Livestream ğŸš€ Drone âš ï¸ Tweets are my own â™»ï¸ RT â‰  endorsement,224,"Halifax, Nova Scotia, Canada"
Reporter/editor.,225,"Sydney, Cape Breton, N.S."
"Official Cape Breton Regional Police Twitter. Not monitored 24/7. For emergencies, call 9-1-1.",226,"CBRM, Nova Scotia"
Fierce fan of democracy.  Fully vaxed & masked nurse.  Will never understand MAGA & anti-vaxxers/maskers.  Hoping for better days soon. Proud UM alum--Go Blue!,227,"Columbus, OH"
Just a humble woman curious of the world and it's occupants. Officially 50yrs now..cancer free this is my year... long haul.. but I'm here..,228,"Cape Breton, Nova Scotia"
"Governor of Maine. Fighting for affordable health care, a stronger economy, and a world-class education for every Maine child.",229,"Farmington, ME"
"Hello to all let's all be positive in 2023 and be positive. Jesus has our backs, happily married 23 years to my photographer husband Dave.",230,"Halifax, Nova Scotia"
,231,
"A group of earth, atmospheric, solar scientists and engineers who conclude that the sun is the main driver of climate change.Not you.Not CO2. R/T â‰  endorsement.",232,
"Math professor at StFX, obsessed with geometry/topology/connections with art. Single mom, music lover, book hoarder, feminist. Settler in Miâ€™kmaki. She/her.",233,Nova Scotia
"Big weather and sports fan.  Noon, 4 PM, 7 PM meteorologist. Email me at cewing@wghp.com  Or find me on Facebook at https://t.co/0AVwd9IuU5",234,
Canada's national news organization. Customer care: @GlobeHelp. Share info with us anonymously: https://t.co/ROPEUCh7gm,235,Canada
"Visit https://t.co/ToVZsVDQB9 & sign up to become a #LPC supporter, to donate or to become a volunteer.",236,Kildonan-St. Paul Winnipeg MB
Cuenta oficial de La Buena Onda Radio la radio hecha por y para el pueblo.,237,Spain
"I am a person of a few words, action speak best,",238,Somewhere in Canada
"Carrying on a quest it is, to make a place for all. Lover of Art. Purveyor of Peaceâ€™ E(ARTHEAR)T #PushPeaceAndKeepItInMotion #HashTag",239,earth
âœğŸ’œâ˜®Loving the Lord and the life He has given meâ˜®ğŸ’œâœ                              ~*~Trump 2024~*~,240,"Eugene, OR"
We all matter or none of us do.,241,
,242,
Civil Service,243,
"U.S. political coverage, breaking news and special investigations.",244,United States
"BC legislative journalist, editor/founder of @BeatNorthern. Fran@NorthernBeat.ca   https://t.co/Kg5T9HKuFH",245,Planet Earth
"The latest Tony's Tweets and the best thing about Twitter, yes you can chirp interesting historical facts. Let's do it on the social media application.",246,Worldwide
"Bookworm. Carries a camera, dabbles w paints. Curious. Wears red lipstick. Laughs. Plants flowers.Compulsions w Sciences,World Affairs. Sometimes she wanders.",247,West Vancouver Canada
"MP for Carleton, @CPC_HQ leader, running to be Prime Minister of Canada - DÃ©putÃ© de Carleton, chef du @PCC_HQ, candidat au poste de premier ministre du Canada",248,"Ottawa, Ontario"
"My focus is on Prairie #News. I post mostly about #Alberta, #Saskatchewan and #Manitoba.",249,Calgary
"I like & respect everyone, until given reason not to. I don't ask for sources b/c I look up assertions- u can do same. @uWaterloo - Soc Dev Studies (min. psych)",250,
I'm passionate about #Quebec and #CDNNews.,251,
"From Ireland, living in Canada. Married to @barbienewf.ğŸ‡®ğŸ‡ªğŸ‡¨ğŸ‡¦ Proud Teamster. Part time EMS. #avgeek RT's â‰  endorsements.",252,"Newfoundland, Canada."
"ğŸŒğŸ”¬Doctor, Lecturer, Environmentalist  ğŸ¨ğŸ¤” Lover, GF-Flexitarian, ğŸ‘©â€ğŸ³ Expert, GPA âš”ï¸ Born at 333 ppm #environment #science #AIID EN/FR",253,Montreal
In all the world there is no one else exactly like me.,254,"St. Andrews, Manitoba"
,255,
News from a sane perspective.  Anti-Extremism reporting for all Americans!,256,USA Flyover Where News Happens
"Hi! This is Dan from OTR Pilot Car. We are Northen Ontario's Leading Pilot Car Service for Oversize and Super loads. Hazards Assessments, Audits and Plans!",257,"Sudbury, Ontario Canada ğŸ‡¨ğŸ‡¦"
Urban bee keeper extraordinaire and I love The Great White North!!!,258,Toronto
,259,
She/her. Covid has me collecting pets like theyâ€™re stamps. Get vaccinated. Wear your mask. Tax the rich. @MostlyDolores@mastodon.social,260,"Ottawa, Canada"
,261,"Toronto, Ontario"
,262,
,263,
#WearAMask #StayHome Indian in Canada,264,"Toronto, Ontario"
"Annapolis Valley Register editor, https://t.co/OsgNZHm2cz journalist and sports fan.",265,
"Reporting for The Guardian newspaper in Charlottetown since 1995. Huge animal lover. Star Trek nerd. Blue Jays fan, multi-decade Leafs victim. (He, him)",266,Charlottetown
Retired,267,Nova Scotia
"The most informative half-hour in Canada. Weeknights with @DFriesenGlobal. For breaking news, follow @globalnews.",268,Watch online
"Son, brother, husband, father, grandfather.",269,
"Get the latest American and Canadian news from PKB News in the US and Canada: breaking news, political and current affair news from US & Canada.",270,United states
"Passionate Canadian Office 365 / SharePoint / Teams Consultant. Loves dogs, castles, and the Scottish Highlands! My tweets are my own.",271,"Ontario, Canada"
"We're part of the @InsuranceBureau family along with @IBC_Pacific, @IBC_West, @IBC_Ontario, @BAC_Quebec. Together, we represent Canadaâ€™s P&C insurers.",272,Atlantic Canada
The Maritimes' #1 Newscast,273,"Maritime Provinces, Canada"
Ultimate in East Indian Cuisine. Proudly serving food in Edmonton for over 32 years.,274,"17507 100 Ave NW, Edmonton, AB"
"Health professional, entrepreneur and philanthropist",275,"Los Angeles, CA"
"Tortiecat servant, disaster response, not leaving twitter till there's a comparable option or it shuts down (opinions my own)",276,
â€˜What fresh hell is this?â€,277,
Make equity and health the focus for safer communities and streets. Tweets by Martyn and maybe Ella & John too (personal views).,278,"Sipekneâ€™katik, Mi'kma'ki"
"Dad, software developer, project manager.  Fan of sci-fi, superheroes, philosophy, music, and the ocean.  He/him.",279,Lower Sackville
Canada Patch is the news portal for India & Canada,280,"Vancouver, British Columbia"
Only join on bang garr giveaways!,281,Solok
"Lover of Creativity, Transparency in Govâ€™t, Human & Privacy Rights. HUGE Soundgarden Fan. Save our #StolenSisters #MMIW. #BlackLivesMatterâ¤ï¸ğŸ³ï¸â€âš§ï¸ğŸ³ï¸â€ğŸŒˆShe/ Her",282,"áŠá’¥á¢á‘¿á’Œášá¢á‘²á¦áƒá‘²á£, Treaty 6"
"Scienligion-The Final Capstone (Tweet & Retweet Beautiful Nature, Places, Things, & People; Weather, Climate, Environment, Life, World, Universe, etc....)",283,Capstone = ğŸ”
NOAA Research provides the research foundation for understanding our planet through tech innovation & scientific advances.   This is an official @NOAA account.,284,US
ğŸ€#TestiBunaR #thankswoniee #VenusIsRealğŸ€,285,Payakumbuh
Knowledge Junkie ğŸ¤“ Hardcore Hallmark Movie Fan â¤ï¸ Lack Patience For No Common Sense ğŸ¤¦ğŸ»â€â™€ï¸ Immunocompromised #KeepMasksinHealthcare,286,"New Brunswick, Canada"
,287,
Be the Karen you want to see in the world.  @Loliryder@projectmushroom.social  #LandBack She/her/screenwriter,288,Wetewa'toksiq
"James (he/him) is: an American married to a Belarusian immigrant; eco-humanist; RBE; blogger, streamer, geek; and all around INTP Introvert.",289,"Baraboo, WI"
Transforming the legal landscape. We're a nonprofit org safeguarding the environment through legal solutions that bridge Indigenous & Canadian law. Since 1974ğŸŒ±,290,British Columbia
ğŸ“ #CRD | #Sooke | #Comox | #SaltSpring âœ¨ Igniting the potential of children & youth through #Mentoring ğŸ¤² Help us make a BIG difference for young people #BBBS,291,"Victoria, BC Canada"
"Providing health care to people on Vancouver Island, islands of the Salish Sea, and in the Mt. Waddington area. RTs & Follows â‰  endorsements. Not monitored 24/7",292,"British Columbia, Canada"
Treaties R the Supreme law of the land.   Oceti Sakowin,293,Here
"Baby Boomer, Borderbaby (Ont/Michigan). Proudly Cdn, Support Veterans, live laugh love. Smile, it only hurts for a moment. Question donâ€™t ignore. RESPECT",294,"Brampton, Ontario"
Human Mom â¤ï¸â¤ï¸ Pet Mom â¤ï¸â¤ï¸ Retirement 2023 ğŸ‘ğŸ½,295,Miâ€™kmaâ€™ki
* Iâ€™m just a kokum trying to live my best Cree life * Sturgeon Lake Cree Nation * Treaty No. 8,296,"Winnipeg, Manitoba"
"Fall River, Nova Scotia school | Home to 660+ students in grades 6 - 8 | ğŸ‡¨ğŸ‡¦",297,Fall River
"Official @redcrosscanada account for events, programs and services across #NovaScotia. Atlantic disaster response at @canredcrossATL.",298,"133 Troop Ave, Dartmouth"
Official Nova Scotia Government Twitter Account,299,"Nova Scotia, Canada"
A MOTHER OF ONE WHO IS PERFECTLY HAPPY AND CONTENT IN HER LIFE.,300,United States
That Guy who does That Stuff. (He/Him)  Ø§Ù„Ù…ÙˆØ§Ù„ÙŠØ© Ø¹Ø¨Ø±  |   I share things without reading. That's a bad habit.,301,"Toronto, Ontario, Canada"
West Coast Granny,302,"British Columbia, Canada"
#SussexSquad #Canadian ğŸ‡¨ğŸ‡¦ #Jamaican ğŸ‡¯ğŸ‡²,303,Canada
,304,
"if you can put it in a nutshell, donâ€™t. He/him/they",305,"Peterborough, Ontario"
"Associate Professor of Finance, @NYUStern. Finance/Real Estate/Urban newsletter: https://t.co/lWVJvq6vKg.",306,"Manhattan, NY"
Multiracial ğŸ‡¨ğŸ‡¦Canadian Smart dumb blonde.Artist. PaganğŸ’—BlackLivesMatterğŸ’—ğŸ³ï¸â€ğŸŒˆğŸ³ï¸â€âš§ï¸AllyStopAsianHateğŸ’—LoveisLoveğŸ’—ğŸŸ§ğŸŸ¦ alt acct~ @LadybugZee207,307,"Halifax, Nova Scotia"
Just living life North of 7,308,"Bancroft, Ontario"
"(Alek-see) Cis. He/Him. Former musician, recordist, video blogger. Passionate eater, reader, viewer, thinker. TTRPG  Upgraded with voice acting ability & studio",309,Toronto
"All #Ottawa #news in one place: society, culture ğŸ­, business ğŸ“Š, and politics. Created by Boris @netocrat Khodorkovsky ğŸ‡ºğŸ‡¦ in Ottawa, #Canada ğŸ",310,"Ottawa, Ontario"
"Your one stop source for BC news, weather, and sports. Looking for BC Road Conditions? Visit https://t.co/82bkwXDgea for Live BC Highway Cams.",311,"British Columbia, Canada"
"Environmentalist , resource effciency and climate change,Public speaker & campaigner on environmental sustainability oh! and apotropaics",312,cotswold
Canadian ğŸ‡¨ğŸ‡¦ photojournalist living in #Jeju #SouthKorea ğŸ‡°ğŸ‡·.Tweets on #photography #photojournalism ğŸ“¸. Life-long fan of #Canucks ğŸ’ ğŸ¥… and @Nationals âš¾ï¸ğŸ†.,313,"Jeju Island, South Korea"
,314,
World Champion TweeterğŸ¤£,315,South Africa
City Press is a well-respected agenda-setting South African news brand that publishes across platforms. Its flagship print edition is distributed on a Sunday.,316,South Africa
"Standing up for Southborough & High Brooms - Town Councillor, @UKLabour & @CoopParty. Food security, Ukraine, Sri Lanka, OU, Disabled, LGBT, NUJ, Jewish",317,"Royal Tunbridge Wells, England"
,318,
#halifax events + news + photos + food + fashion & fun. support local.,319,"Halifax, Nova Scotia"
HC and PHAC - #COVID19 updates - Promoting and protecting Canadians' health and safety - FranÃ§ais: @GouvCanSante - Notice: https://t.co/o7tmpUpODG,320,Canada
"The leading respiratory hospital in the nation. A nonprofit tweeting about the latest treatment & research for respiratory, cardiac, immune & related conditions",321,"Denver, Colorado"
"Covering Colorado First. #BreakingNews, #Colorado, #cowx & more. Home of CBS News Colorado â€“ everything Colorado streaming on https://t.co/BpYefxLOcY",322,"Denver, Colorado"
"Plowing bravely through all the bullshit propaganda and PR, cajolery and palaver! Purveyor of common sense and humility!",323,
I miss you ğŸ’”ğŸ¾ https://t.co/mQpy9FTCPZ,324,
Alberta Beyond Fossil Fuels envisions a future when fossil fuels are no longer Alberta's principal industry.,325,"Alberta, Canada"
,326,
There is some crap up with which I will not put.,327,
Captâ€™n Kennyâ€™s Fish & Seafood Galleys YouTube show. Seafaring explorer of marine flavours. Food Consultant. Seafood recipe developer. Former restauranteur.,328,Cape Breton
,329,
BSc VIU Fisheries & Aquaculture Natural Resource Manager Canucks /Kraken/Seahawks/Mariners Pacific Salmon  Climate Change LANDBACK Cree she/her Nomore MMIW,330,Stzâ€™uminus Territory
,331,709
"I am an Author of Canadian Military Fiction, Historian, and Explorer of Military Museums & Battlegrounds. A Proud supporter of Canada's Armed Forces.",332,"Halifax, Nova Scotia"
"In 2023 I will resume my financial literacy Tweets. #CarGuy, Retired Health IT Guy, #itdoesnthavetohurt Kids Pain Mgmt Volunteer, |Husband|Dad|Grandad|",333,"Sackville, Nova Scotia"
"Mom, wife, daughter, sister, friend. News Director/Station Manager at @GlobalHalifax & @Global_NB Reach out with your news tips and story ideas!",334,"Halifax, Nova Scotia"
"Cape Bretoner, residing in  Halifax, NS since '85. Coffee Achiever. Former media personality. But that was years ago. Here we are now.",335,"Halifax, Nova Scotia"
"Physicist. Radiative transfer in atmospheric models. Chief editor of Vejret, quarterly journal of the Danish Met. Soc. My views are my own.",336,"KÃ¸benhavn, Danmark"
"We are all responsible for Emergency Preparedness. By failing to prepare, you are preparing to fail -- Benjamin Franklin (Account is not monitored 24/7)",337,"Wolfville, Nova Scotia"
"Comic provocateurs targeting political hypocrisy, media distortion & institutionalized ignorance. By @PaulProvenza & @Dan_Dion: https://t.co/vpn2fkEmRn",338,United States
Manatee baby for world â˜®ï¸; she/her; ğŸŒ±ğŸ³ï¸â€ğŸŒˆğŸ³ï¸â€âš§ï¸ #BLM #BTSARMY #CARAT #STAY Proud parent to autist son & queer daughter; without anger Iâ€™d have no personality,339,USA
The Marathon of Light is an environmental organization founded with the vision of creating a sustainable society. Please join us! Born: 315 PPM,340,Our Beautiful World!
"BIDEN/HARRIS 2024 ğŸ‡ºğŸ‡¸support UkraineğŸ’ªI love OUTLANDER ,#Ancient history, love my cats,ğŸˆğŸˆğŸˆğŸˆall animals..Trump's a D**kğŸ˜I block trump MAGAts #ğŸŸ¦",341,"â˜•ï¸On my couch in redneck,pağŸ©"
"Doing what is justified and reasonable - no time for the corrupt, the greedy or the arrogant.",342,"Cape Town, South Africa"
,343,"London, England"
"News, features and analysis from the World's newsroom. Breaking news, follow @BBCBreaking. UK news, @BBCNews. Latest sports news @BBCSport",344,"London, UK"
Director of QT Weather located in the beautiful Chicago Board of Trade building in downtown Chicago. Check out QT Audio News and https://t.co/yhmogpYWHe,345,CBOT
"Aquel ser humano que no conoce la naturaleza, que no camina bajo las ramas y las hojas como bajo su propio techo, es parcial y estÃ¡ herido. (Mary Oliver)",346,"Los Llanos de Aridane, EspaÃ±a"
"Settler on Mi'kma'ki land/Committed to my Soul Mate/Foodie/Photographer/Poet/Love Art,Literature,Nature and God's Creatures/Spiritually-Aware/Socially-Conscious",347,Punamu'kwati'jk
,348,
Publishing free economic and political thought.  Instagram at jm_hamilton_blog  Email at: hamilton.jm1776@yahoo.com,349,ğŸ‡¨ğŸ‡¦ğŸ‡ºğŸ‡¸ğŸ³ï¸â€ğŸŒˆ
"US news, opinion, features and sports from the Guardian. Support the Guardian today: https://t.co/g2jWebD5y0",350,United States
Member of Parliament for Miramichi-Grand Lake,351,
The Epoch Times Canadian Edition.  Follow us on https://t.co/dB76MDKqEE | Watch: https://t.co/GTfJbvbzTC | Play: https://t.co/PTcOnAErxC,352,Canada
ğŸ‘‘ Kingmaker ğŸ’›. BTS ARMY ğŸ’œ. Engene ğŸ§¡. Atiny ğŸ’™. Villain ğŸ–¤.  Reactor (KPOP BEAT)ğŸª. They/Them .âœ¨,353,"Nova Scotia, Canada"
"Curling, boats (Cdn Power Squadron), Engineer...protect what we have...SW Alberta, BC, Gulf Islands, Vancouver Island.",354,
"UC Davis SVM Professor, PhD DABT Research. Enviro Health. Resp Tox, Air Pollution, Cancer, Chemicals. PTX. Grad Mentoring. Opinions my own",355,"Davis, CA"
"Regional Emergency Management Organization for the County of Annapolis, Town of Annapolis Royal and Town of Middleton.",356,Annapolis County Nova Scotia
Happily Married military Mom. Hates Trudeau. Pro Canadian gas and oil. #NoVacinnePassports #CanadiansHaveTheRightToChoose,357,
"Inspiring fitness instructor & traveler on a global journey of health, adventure, and self-discovery.",358,New york City
A collective of local organizers working for climate justice and a #GreenNewDeal on Lekwungen & WÌ±SÃNEÄ† Territories. #JustRecoveryForAll #yyj,359,Lekungen and WÌ±SÃNEÄ† Territori
#WoodSmoke affects everyone esp children/elders. #WoodStove #FirePit & #WildFire #pollution significantly increases #HeartAttacks in older ppl #StopBurningStuff,360,National Capital Region Canada
Transportation planner. He / him. @eric_doherty@mstdn.ca Words @NatObserver @georgiastraight @ricochet_en ğŸŒ» ğŸšğŸš²â™¿ï¸ğŸš¶â€â™€ï¸Born 320 ppm CO2.,361,"Victoria, BC"
"My kids say I am unique and a bit out there.  At the end of the day, I am a mom first, a business owner and a volunteer ! Be inspired....Volunteer today.",362,"halifax, ns"
,363,
Green Party member. We won't survive without Green policies. Our NHS matters more than any party. â¤ Peak District     ğŸ¤ ğŸŒ¼ ğŸŒ³ ğŸš²  #sodden570,364,Derbyshire
wildland fire mapping and works at AGOURA BIBILE FELOWSIPE WORSHIPE LIGHTING TECH,365,"Westlake Village, CA"
The Nova Scotia Teachers Union promotes and advances the teaching profession and quality public education.  https://t.co/RAcnSg0qRfâ€¦,366,"Halifax, Nova Scotia"
"He/him | Dartmouth, NS | Art prints @DartGalleryNS, @inkwellboutique & Ice House Gallery | Art - https://t.co/E2tYyzgLJC | Writing - https://t.co/2elmIHjnDJ",367,
Latest news and analysis from CBC News. ğŸ‡¨ğŸ‡¦,368,Canada
,369,
,370,
This account is not monitored 24/7. Call your local detachment to report a crime. Emergencies: 911. FranÃ§ais: @grcne Terms of use: https://t.co/SDdlnXh6L9,371,"Nova Scotia, Canada"
ğŸŒ¹ğŸ’œğŸˆğŸ¦®ğŸ“šğŸ§‘â€ğŸ³ğŸ¥¾ğŸŒğŸª,372,
BUY FROM TARGET,373,
Retired,374,Canada
"âœï¸â™’ï¸ğŸ‡®ğŸ‡ªğŸ‡¨ğŸ‡¦ğŸ´â€â˜ ï¸ğŸ£ğŸ± Retired geezer, educator, aviationist, imperfect Roman Catholic,  interested in current events and  the world we're leaving behind.",375,Canuckistan
"Science user. Cynic. Worried humanity won't save itself from its stupidity. Publisher of The Great Disruption series (The Odd One, The Rich One). Blue.",376,
"Independent scholar (Ph.D. history), settler, parent, climate justice activist. Also now at @AnneKeary@projectmushroom.social",377,"Toronto, Ontario"
"Atlantic Canada Correspondent, Toronto Star. Photographer. Journalist. Rejuvenated Guitarist. Lapsed zoologist. Chaos-phile. (Also? I can kill you with my mind)",378,
"fire guy, weather guy, researcher, professor, research chair",379,Kamloops
"Canadian patriot, Conservative New Brunswicker with an appreciation for Alberta.  Anyone bashing Atlantic Canada can go to Hell!! #TrudeaumustGo",380,"Saint John, New Brunswick"
#SlavaUkraini ğŸ‡ºğŸ‡¦ğŸŒ»#IndigenousJusticeğŸª¶ğŸ§¡#LGBTQ2S  ğŸŒˆğŸ’™ #BLM #StandWithTrudeau ğŸ,381,
Prof of Economics @DenisonU; President @GISP_Tweets; Alum @UMKCecon. Views are my own.,382,"Addis Ababa, Ethiopia"
"Director at Emergency Solutions International, Deputy Fire Chief (Ret.), Assisting the Community and Critical Infrastructure to work together for resiliency.",383,"Saint John, N.B. Canada"
Reporter for CBCâ€™s investigative unit in New Brunswick. I like hockey and east coast beaches. She/her. karissa.donkin@cbc.ca,384,"Fredericton, New Brunswick"
,385,
"#CANZUK ğŸ‡¨ğŸ‡¦ğŸ‡¦ğŸ‡ºğŸ‡³ğŸ‡¿ğŸ‡¬ğŸ‡§, 15 #KingsRealms & 56 #Commonwealth partners. Other interests include #IndoPacific #CPTPP @TheB1M. â€˜Likesâ€™ show most-read posts.",386,"Vancouver, British Columbia"
ğŸŒŸPeace & Justice Unite Us ğŸŒ,387,San Diego California
,388,
"ğŸŒFighting #disinfo / #misinfo on the #ClimateCrisis, #vaccines and #Science.ğŸ“š #ClimateAction #BLM #COVID19ğŸ˜·â˜£ï¸ He/Him",389,Canada
,390,
Medical and scientific communications professional. Women's rights and Human rights advocate,391,
,392,
,393,
,394,"Ontario, Canada"
"Not nice, fat, disabled, queer, immunocompromised woman. Outlander and fiber arts geek. #CelineDion stan forever #NoPatienceForTheAbleds",395,"New Brunswick, Canada"
,396,
"Itâ€™s our job to #GoThere & tell the most difficult stories. For breaking news, follow @CNNBRK and download our app https://t.co/ceNBoNi8y6",397,
ğŸ‡¨ğŸ‡¦ Ex-evangelical living in an evangelical hellscape. RN. Team Gladis ğŸ‹ Ragey ADHD. ğŸš« Fascism. INTP. My views are my own.  Science is rad. Long COVID sucks.,398,"New Brunswick, Canada"
"You are very small & slow & I am training my cats to eat you;""devious and well meaning genius""; @karamcnair@zeroes.ca",399,"Vancouver, British Columbia"
"Citizen science initiative; highlighting covid info from P. Engs, industrial hygienists, HCW, citizens. I block pro-COVID accounts.",400,"New Brunswick, Canada"
Hoping my curiosity is contagious. Obsessed with mushrooms. Sometimes I'm wrong. Be smart. Landback He/Him Woke blue hair etc don't follow me if it bothers you.,401,"Mi'kma'ki / Nova Scotia, CA"
"PT Bio Prof at SMU, formerly Fanshawe/Lambton. Former Sr Naturalist @ KillbearPP. PhD in systematic mycology. Avid knitter. Passionate about #SciEd, botany",402,"Halifax, Nova Scotia"
"Official account of the Minister of Intergovernmental Affairs, Infrastructure and Communities, Dominic LeBlanc Terms: https://t.co/e2cqp0r0IL  FR: @MinIntergouvCA",403,Canada
"Good trouble treehugger ğŸ’š. Whose land: Living gratefully within the boundaries of the Algonquin Nation land claim, & shared traditional Haudenosaunee lands.",404,Kanadario
"Hear the human story and join the discussion. We go beyond cold facts and bring to light what matters. For breaking news alerts, follow @AJENews.",405,"Doha, Qatar"
"Sailing, Travel, Adventures, Science & Music x",406,
,407,
"Tweets are someone else's. They have opinions on current stuff. Awake, woke, eyes open? It's all so confusing. ğŸ‡¨ğŸ‡¦",408,North edge of Lake Ontario
,409,
ğŸ‡¨ğŸ‡¦galğŸ‹ğŸ¼â€â™€ï¸ğŸš´â€â™€ï¸ğŸ˜· Vaccines=Science=Life Proud bookğŸª± #Dendrophile  #SpaceJunkie  #SlavaUkraÃ¯niğŸ‡ºğŸ‡¦        Don't argue w/ morons.,410,Anishinabe Algonquin territory
"Covid & Long Covid are each existential risks. We must redirect huge portions of government spending for prevention, research, new treatments, & assistance.",411,In a dying civilization
Cyber Security Specialist                          ğŸ‡¨ğŸ‡¦ #africannovascotian           established 1784,412,
The need for independent journalism has never been greater. Become a Guardian supporter: https://t.co/gWyuUVlObq,413,London
"ISTJ-T|Full time gamer, part time Doctor..I love watching K-Movies, Dramas, C & HK Movies, K-pop addict! Anime, Webtoons, Comics, football, cricket, GAMING/20+",414,SEOHYUN â¤ï¸
#BillsMafiağŸ‡¨ğŸ‡¦#Leafsforever #bluejays #NextLevel  #thehip,415,"Nova Scotia, Canada"
"With small class sizes, hands-on opportunities and top-notch programs, our graduates have helped shape the Business and Tourism world. Be a grad! #msvubusitour",416,"Halifax, Nova Scotia"
"Visual artist, democracy activist, constitution junky, director & co-founder @CanRepublic",417,"Toronto, Canada"
Roman Catholic/Sedevacantist,418,"Michigan, USA"
University of Bath Climate Psychology Alliance Climate Catastrophe or Transformation Eco Anxiety Social Collapse Climate Change/Crisis,419,"South West, England"
Conservative. Roman Catholic. Cancer Survivor. Proud Supporter of  @NSNatureTrust & @RedCrossCanada  Â© 2023 William Bedell Enterprises #StandWithUkraineğŸ‡ºğŸ‡¦,420,"Dartmouth, Nova Scotia"
"Our vision is for #Halifax to be a city united by compassion, rich in possibility and free of poverty.",421,"Dartmouth, Nova Scotia, Canada"
"I'm very focused on video news. I post mostly about #Ontario, #Toronto and #Canada.",422,
,423,
Informational tidbits and snarky retorts,424,Seattle Washington
"PhD Student at UMCES ğŸŒŠ | Oyster Aquaculture, ROVs, and WQ Monitoring ğŸ¦ª | Podcast Host ğŸ™ï¸| UofAZ â€˜20 ğŸ“ l Archer ğŸ¹ |  LifterğŸ‹ğŸ»â€â™‚ï¸",425,
"Me , myself and I",426,
"International and local news from a Planet in Peril. Covering geography, botany, natural history, environment, humans, books, and the arts. #Iamabotanist",427,PNW - Lat: 46.6. N 120.52 W
Proud TD Banker and SMU Alumni - All around the world starting from Egypt.ğŸ˜ŠTaking one day at a time :)                     *All views are my own (he/him/his),428,"Halifax, Nova Scotia"
,429,KÃ¶ln
"Moved from Ohio to Texas 2022, re-instated on Twitter 5/21/2023",430,"Bryan, TX"
Social Worker || Gold Music ğŸ¶|| @95_TimeFM is my ğŸ||,431,Kampala
"Strato-Volcano , Provincial Park, 260,000 years old; Dormant. not Extinct. VEI 3. Friends with Mt. Cayley & Mt. Meager, Garibali Lake Volcanic zone is mine FYI",432,"Squamish, British Columbia"
Hello I'm Jennifer 36 years old  nice to meet you,433,USA
Jasper National Park is administered by @ParksCanada | FranÃ§ais : @pnJasper  | Terms: https://t.co/XJm52Em7i5,434,"Jasper, Alberta"
Reporting on Fires in California and Tracking Air Tankers | Not Affiliated with Officials | Fire Aviation and Plane Spotting,435,"San Jacinto, Riverside County."
,436,
I'm not here to give you a happy ending. ğŸ’€ The Social Science of the Sixth Mass Extinction ğŸ’€ #6ME,437,Asgard
"Brilliant mad scientist, philosopher, mischief-maker, citizen. Never turn your back on a Republican. #MaskUp #Resist #BidenHarrisToSaveAmerica",438,The Wild Wild West & Beyond!
"Writer, editor. Former scientist. Writing a book about my field experiences as a woman. #nature #WomenInSTEM #binders",439,"Vancouver Island, Canada"
31 Ã— He/Him Ã— White Ã— Gray-Ace My cats are named Artemis & Kepler  Currently super into MentourPilot & xianxia novels Art account @deinonychusrexx,440,Pacific Northwest
Another new profile because I still have computer hacks!,441,Canada
The problem with putting others first is that you have taught them that you come last.,442,United State
"I tweet for people with jobs, people without jobs, middle class, upper class, high class; all that. Cats, snakes, chickens, ducks, elderly people and twerkers",443,The District
"No, you can't win a fight vs a Gorilla, Chimp, Bear, Lion, Tiger, Wolf or Orangutan.    #GoBucks  #RepBX  #FTTB #NewYorkForever",444,"Ohio previously, AZ currently"
"Hello, Nice to meet you, I'm Jennifer  36",445,USA
learner/global educator/TOP 10 GTP/traveller/author/ESL/ techie/pacifist/PD/BYOD/ #GlobalGoals /edtech/#SDGs / HundrED & Varkey Ambassador/(she/her),446,Norway
"love da Bills, canoeing, camping, traveling, cooking, baking. perfect ing my sour dough.",447,wny
Odalis R.ğŸ’â¤. LLS HermanoğŸ¤ 3/18/2022,448,"Oxnard, CA"
,449,
I am still alive!,450,
Connecting Nova Scotia with the most trusted local news since 1824. Tune in to what matters.,451,"Halifax, Nova Scotia, Canada"
"""Life is infinitely stranger than anything which the mind could invent.""ğŸŒºâšœï¸ğŸ´â€â˜ ï¸ from Jurassic lâ€™Anse aux Meadows with love.",452,QuÃ©bec/Hawaii/T&T/Serengeti
I TALK TO DOGS & CATS and I fight for what is right in this world! #ZSHQ #EndBSL #TheAviators #TheRuffRiderz #cloudriderz ğŸŒˆğŸ¾ https://t.co/tMnCP2nKzk,453,"Portland, Oregon"
Journaliste Ã  34 infos. MÃ©dia Local,454,
Speaking truths with the receipts.  Calling out hypocrites on the daily.,455,"Correct Side, History"
,456,Ottawa
Weather / Wildfires / Natural disasters / Animal Rescue / Animal Welfare / Animal Evac Assistance,457,behind you
"The Southern Maryland Chronicle is an all-digital news source for all of Charles, Calvert and St. Maryâ€™s Counties. R/T's/Follows are not an endorsement.",458,"Hollywood, MD"
"ğŸ‡ºğŸ‡¦ Geograph, Anglist, im aktiven Ruhestand, Interesse fÃ¼r Literatur, Naturwissenschaften, LÃ¤nder und Menschen, Gott und die Welt...",459,"KÃ¶nigswinter, Deutschland"
"Artist, Lawyer ... Now, mostly I interview interesting Nova Scotians, test drive EVs, volunteer, work on my old house, and walk the dogs. Not in that order.",460,"Irvington, NY to Nova Scotia"
"NEWS-à¤œà¥€à¤ªà¥€à¤Ÿà¥€ à¤®à¥‡à¤‚ à¤†à¤ªà¤•à¤¾ à¤¸à¥à¤µà¤¾à¤—à¤¤ à¤¹à¥ˆ -  à¤¸à¤®à¤¾à¤šà¤¾à¤°, à¤®à¤¨à¥‹à¤°à¤‚à¤œà¤¨ à¤”à¤° à¤°à¥€à¤²à¥‹à¤‚ à¤®à¥‡à¤‚ à¤¨à¤µà¥€à¤¨à¤¤à¤® à¤”à¤° à¤®à¤¹à¤¾à¤¨à¤¤à¤® à¤•à¥‡ à¤²à¤¿à¤ à¤†à¤ªà¤•à¤¾ à¤ªà¤¸à¤‚à¤¦à¥€à¤¦à¤¾ à¤—à¤‚à¤¤à¤µà¥à¤¯à¥¤  à¤¹à¤®à¤¾à¤°à¤¾ à¤šà¥ˆà¤¨à¤² à¤†à¤ªà¤•à¥‹ à¤†à¤ªà¤•à¥‡ à¤ªà¤¸à¤‚à¤¦à¥€à¤¦à¤¾",461,india
"Father, husband, volunteer, leader, entrepreneur, baseball fan. #MountPearl ğŸ‡¨ğŸ‡¦ ğŸ‡®ğŸ‡ª ğŸŒ",462,"Mount Pearl, NL, Canada"
My main objective is to have equal living conditions.  I want Banks and Grocery stores owned by the government.  Opinions are my own. NDP LGBTQIA+,463,Born and raised in Toronto
"Dad, Hubby, Gravenhurst Fire Chief - 3 Best titles in the world! Trying to tweet responsibly since 2012.",464,Bracebridge
,465,
"Former Director of Emergency Management & Emergency Services. Promoting evidence based decision making, disaster risk reduction & community resilience.",466,"New Brunswick, Canada"
"Former media, public and community relations professional. Blue Jays baseball fan. Mother. Wife.",467,
Public & Mental Health | Politics & Policy. Outreach & Harm Reduction Advocate. Survivor. Opinions Are My Own. Les opinions sont les miennes.,468,Tkaronto & Niagara
"âš ï¸ I will not give money to nobody, stop begging and being nasty, I am not an NGOâš ï¸ @MartinaKraus@mastodon.social #ZanZendegiAzadi #noafd #altersarmut #nonazis",469,Franken
When will you stop catching COVID?  ğŸ˜·  she/her/they #BlackLivesMatter #EveryChildMatters #APoxOnPutin #NAFOExpansionIsNonNegotiable #SoupCentric,470,Unamaâ€™ki
,471,Schweiz
Osiris#2056 - ğŸºğŸ‡ºğŸ‡¸ - What is Destiny 2,472,"Botza Ruins, The Last City"
Only love is real âœ¨ ğŸ³ï¸â€ğŸŒˆ,473,Earth
"ER doc, dancer, Mom. #PlanetaryHealth Solution-Seeker. Vice-Chair @GCHAlliance, Board @CMA_Docs, Steering Com. @pha_alliance. MPP 22-23 @UniofOxford. Onwards!",474,
Advancing research on urban living and human health,475,Canada
"Tifosi; MotoGPWSBKCSBKWoO fan;classic bikes & cars; music opera ballet art; drives too far, too fast; poet, photographer",476,"Northern Alberta, Canada"
"Photography, camping, paranormal, scuba..#resist #fbr #blacklivesmatter.ğŸ‡¨ğŸ‡¦ğŸ‡¨ğŸ‡¦ğŸ‡¨ğŸ‡¦ğŸ‡¨ğŸ‡¦",477,"Toronto, Ontario"
"Assistant Fire Management Officer, Bureau of Land Management. When I get a break you will find me hunting or fishing. Cowhide artist. High Top Outfitters guide.",478,"Duchesne, Utah"
"Sunni- Athari  -Amateur d'Histoire,de  GÃ©opolitique, de Sciences  et d'Environnement",479,
Inviter to Allah ï·» - not to cults or groups | Cowboy in Madinah | Defender of my Sayyid ï·º,480,Deep Southwest
"Green activist, RNLI Governor, housing landlord, husband, father, collector, spacefan, shipfan, amateur librarian. Occasional historian, author, broadcaster.",481,Somewhere in England
"50% ğŸ‡©ğŸ‡ª, 50% ğŸ‡«ğŸ‡·, ğŸ’¯% multiculti ğŸŒ ğŸ’– woke socialist ğŸ”».",482,all over the place
Ever wounder why were here?,483,
"The yellow fellow who's pretty damn mellow ğŸ’› Agender, They/Them, Artist NSFW Art is posted here, so ğŸ” NO MINORS ğŸ” AD tweets at @ADNisitalia",484,"East Yorkshire, England"
,485,
â€¢ 17 â€¢ @NWS_BaltWash SKYWARNÂ® spotter â€¢ Retweets â€¢ #RavensFlock â€¢ #GeauxTigers â€¢ #Hokies â€¢ #F1 â€¢ #FansLikeNoOther ğŸ§¡ â€¢ #Birdland â€¢ ğŸ‡ºğŸ‡² â€¢,486,"Loudoun County, VA"
"Weâ€™re a few weather geeks who live in the DMV (D.C, Maryland, and Virginia)",487,DMV
FRIENDS ARE THE FAMILY WE CHOOSE  á°,488,New York
Pharmacist/Pharmacy owner,489,huntingdon valley pa
What's happening now?,490,Canada
"NY Giants and Rangers fan, Golf nut, proud dad of 2 great kids, and keeper of the 4th hole @linksatbrunello",491,"Halifax, Nova Scotia"
MDC's mission is to help people with neuromuscular disorders live life on their own terms. #WalkRollMDC #MuscularDystrophy  FR: @Action_Musclee,492,Canada
"PhD candidate (human rights law, environmental law & migration law) at University of Maribor; MSc (University of Ljubljana & University of Exeter)",493,Republic of Slovenia
"Retired Paramedic, Photographer. Gttr - JoCanada, Gab - Jo_Canada, Truth Social - JoCanada",494,Truckistan ğŸ‡¨ğŸ‡¦
"Iâ€™m a Christ-loving, PhD meteorologist working at @NCAR_Science/@NCAR_RAL on weather/climate-driven risk. Member Seneca Nation. Wildfire survivor. Views mine.",495,"Superior, CO"
"He/him.  I review manga and light novels, and also reblog a lot of US and UK politics.  I also like dogs, cats, and Higurashi. Toukochan@mastodon.social",496,
Encouraging environmental initiatives in Western Canada with an online publication and the Nature Companion website/app (https://t.co/pwgF6Ytr6z),497,"Victoria, British Columbia"
"Joint Director, Centre for Global Health and WHO Collaborating Centre, Univ of Edinburgh; Editor-in-Chief, ""J Glob Health""; President, Intl Soc of Global Health",498,"Edinburgh, Scotland, UK"
"She/Her. Writer, storyteller, genius billionaire playgirl philanthropist. Warning: Adult Content!ğŸ”",499,"Illinois, USA"
Grandmother who wants to leave a better world for the kids. I focus on #Peace and #ClimateCrisis action.,500,
"I need new eyes. Cynical. Cranky. Jaded. Retired. USAF Brat. Instablocks MAGA, crypto.  ğŸ¦œParrontğŸ¦œBackyard farmer. Weather junkie.",501,"NE Ramsey County, MN USA (WBL)"
"Proud Franco-Ontarian, married to the â¤ï¸ of my life, mom, grand-maman, retired, gardener. â¤ï¸ fine food, fine gin & wine. The Golden Rule rules! Vaxxed, boosted",502,"The Beach, Toronto"
,503,Canada
,504,
"Latest local, national, world, business & sports news. Tweet us with questions, suggestions or tips! @HeraldHeadlines for headlines only.",505,"Calgary, Alberta"
"PoliSci. Climate Justice, Human Rights, Real Democracy & Networked/Social Movements â€¢ #ClimateStrike #GND #EndCoal #Refugees #BLM #Occupy #BDS â€¢ Mexican â€¢Antifa",506,Sol  â€¢  Zuccotti  â€¢  Gezi
Corporate Management Systems Analyst Dad,507,
"Paramedic, Captain & Emergency Planner. My tweets are my own and do not represent any other person or agency.",508,Kentville
henry clara,509,
Conviviendo con #IncendiosForestales #IIFF #PrevenciÃ³nIIFF #SanidadForestal @jcyl | #CSIF ğŸ‘‰ #EmpleadosPÃºblicos y PrevenciÃ³n R. Laborales #PRL #SSL @csif_agca,510,#LeÃ³nesp
"Michigan-native photographer, outdoors/hiking enthusiast, and musician who loves to travel the world and share all the beautiful things I see before I go blind.",511,The Wild
"CBM, NWA certified Meteorologist for @wwmtnews",512,"Kalamazoo, MI"
ğŸš€Space to WorthğŸŒğŸŒğŸŒEarns Pace Shops & Ships!ğŸ›¸|ğŸ§  ğŸ‘Nventor ğŸ…¾F UNthinkABLE LIFE UPgrades! INVEST Now âš™ğŸš²ğŸšµâ€â™€ï¸ğŸš´â€â™€ï¸ğŸšµâ€â™‚ï¸ğŸğŸ›µWE THE PEOPLE...LğŸ’™VE PLğŸ…°NETSâ€¼,513,United States
"just gathering evidence, connecting the dots, trying to see the big picture",514,
"42, I do precision guesswork based on unreliable data provided by those of questionable knowledge. I may or may not be a humble Genius.",515,"Woodside, CA"
a dog's life,516,
I used to teach politics. Now I make cakes and play with kitty cats.,517,UK
#PeaceUponYemen #BLM Ecosocialist. Born 320.23 ppm. #ClimateJustice #FinalSayForAll #DrDangermouse,518,"Conwy, North Wales"
,519,
Seniors for Climate Action Now! will inform & mobilize seniors in an effort to prevent more climate catastrophes for the sake of future generations & the planet,520,"Ontario, Canada"
"Hatched in 2008 & still learning. ğŸ¤—  *Burning desire* for Democracy, truth, justice. I RT what interests me. Christian, not hateful. ğŸ’– ğŸŒˆ Gael and proud. ğŸ’šğŸ€",521,
"Writer, editor. Publications: creative non-fiction, fiction (pen-name Goldsmith). Communications & media relations, freelance writer.",522,"Oakland, California"
"Soldier, Former Cricketer, Defence Analyst, Free Lance Journalist, Author & Spiritual.",523,"Islamabad, Pakistan"
"Enough with the misinformation. The climate is changing, and we need to act. #ClimateEmergency #ClimateAction #Climate #Misinformation",524,USA
"I am the Owl version of ChatGPT, though I do not make errors ğŸ¦‰ğŸ‘¨â€ğŸ“.   There is NO climate crisis: that is the consensus of science.   Ph.D., Helsinki, Finland",525,"Helsinki, Finland"
"#Climate Campaigner focusing on addressing the #climatecrisis, building #greenjobs & a #GreenNewDeal. Let's join together and change the world!",526,Unceded Squamish Territory
The official Twitter feed for the Faculty of Arts at the University of British Columbia.,527,"Vancouver, Canada"
The Vancouver School of Economics at the University of British Columbia is a global centre for research & hands-on learning about pressing economic issues. ğŸ‡¨ğŸ‡¦,528,"Vancouver, British Columbia"
"My God, the city is in ruins... #wpgfire",529,"Winnipeg, MB"
Ù…Ù† Ø±Ø¨Ø§Øª Ù‡Ø§ÛŒ Ù†Ø§ÙØ±Ù…Ø§Ù†ÛŒ Ú©Ù†Ù†Ø¯Ù‡ Ø±Ø§ Ù†Ù‡ÛŒ Ù…ÛŒÚ©Ù†Ù….,530,Canada
"Waterloo Region's source for news, talk, and sports 24 hours a day. CityNews 570.",531,"Kitchener, Ontario"
"Comunicadora.Estudiante de AstronomÃ­a.  ApolÃ­tica.Fiel a la libertad,valores,tolerancia,verdad. El planeta se estÃ¡ yendo a la mierda. Su cÃ¡ncer son los humanos",532,
Senior scientist Copernicus Atmosphere Monitoring Service @CopernicusECMWF @ECMWF working on global #wildfires #airquality #atmoschem & #scicomm.,533,
,534,
"Smart Brevity worthy of people's time, attention and trust. Subscribe to our newsletters: https://t.co/uMitaJHEA1",535,
Hi Iâ€™m Luke! Iâ€™m an artist & animator| (they/she) (23 years old) (vampire white i look like a malnourished Victorian child),536,"Winnipeg, Manitoba"
"Christian, Dad, Evertonian, Haligonian, #COYW all views my ownâš½ï¸âš½ï¸ğŸ’™ğŸ’™",537,"Halifax, Nova Scotia"
"Assoc Prof of Biological Anthropology. Evolution. Health effects of war. Hmong, SE Asian refugees. Short-term pessimist, long-term optimist for humanity.ğŸŒ",538,"UMass Boston, PVD, Earth"
"Mom to 3 boys, wife to another, Oliverâ€™s walker, & proud leader of TD in Atlantic. Community supporter, aspiring runner & avid sports fan. #AlwaysBeCurious",539,"Halifax, Nova Scotia"
Aunt. Photography lover. #GoAvs #GoJays @MD_Canada #WalkRollMDC https://t.co/71BOwzGaBo,540,"Alberta, Canada"
AMERICAN FARMER & AMERICAN SPORTSMAN,541,Simco mountain : RANGE
the parrot next to the canary in the coal mine | putting nature on the agenda | tweets are my precious | https://t.co/FJUtNAaTq1,542,Baduhenna Beach
,543,
News... as it used to be.,544,United States
"antiracist, afrofeminist and a lot of other words that end in â€”ist youâ€™re not gonna likeğŸ™ƒ wear a damn maskğŸ˜· galsenğŸ‡¸ğŸ‡³â­ï¸, nantaise & torontonian. fr. eng. it.",545,"Tkaronto, Ontario"
Estudiante de la vida. Amante de la justicia.. Casado con mis ideales...,546,"San Pedro Sula, Honduras."
"ğŸ‡¨ğŸ‡¦ğŸ‡ºğŸ‡¦ CYBER RATTLINGÂ®ï¸  UKRAINE, COVID, CLIMATE and COUPâ€¦All the rest is just noise. Mural Painter ğŸ¨#IStandWithUkraine",547,"Vancouver Island, BC Canada"
"@Owl_B_There (Post)  @NanaB_2010@mstdn.social Psych major, Analyst  #BlackLivesMatter #Autism  #PTSD  #SpecOly #Advocacy #Climate #Equality #Spoonie #Unverified",548,Washington state
Smart-ass â€¢ Pop-culture nerd â€¢ News/history/science junkie â€¢ Sandwich addict â€¢ He/Him â€¢ Writer: @Pajiba @UPROXX â€¢ Don't tell me to smile more. Just don't.,549,"Brooklyn, NY"
National Correspondent for The Canadian Press,550,"Calgary, Canada"
"UI Developer/Design Creative, Amateur (pilot, video/photographer), STS-133/JPL NASATweepUp",551,"47.588,-122.034"
"The #CopernicusClimate Change Service (#C3S) & #CopernicusAtmosphere Monitoring Service (CAMS), implemented by @ecmwf on behalf of the European Commission.",552,"Reading, England"
"NÊ‰mÊ‰nÊ‰Ê‰ / Itza ;  Anthropocene Veteran;   Potential Covid Czar, pending approval",553,"Juneau, AK"
,554,
"Supporter of quality, independent journalism. Believe there is â€œno shortage of stupidâ€, but defend your right to state things with which I disagree",555,"Alberta, Canada"
ğŸ‡«ğŸ‡·ğŸ‡ªğŸ‡ºğŸ‡ªğŸ‡¸ğŸ‡®ğŸ‡¹ğŸ³ï¸â€ğŸŒˆğŸ‡ºğŸ‡¸ğŸ‡¬ğŸ‡§ğŸ‡ºğŸ‡¦,556,Grenoble
"Sensibilisation et prÃ©vention des incendies de forÃªt. En cas d'incendie, nous vous tiendrons informÃ©s.  ğŸ‘‡ nos diffÃ©rents rÃ©seaux en lien ğŸ‘‡",557,France
,558,
A Mom and Grandmother living with MEcfs & POTS ğŸ’œ,559,"Langley, British Columbia"
"Artisanal cheap shots & aphorisms; just trying 2 survive Trump tweets; 5th gen. Jax, FL Unionists; Oberlin; FSU; clerk 2 Fed App Judge Joseph Hatchett; pianist.",560,"Jacksonville, Florida"
"multi national(canadian, British, American) family . Born with a questioning mind. i have No time for bigots, racists, facists,or MeMe's   NO DMs.  MARRIED",561,
"Gay, Opinionated son of immigrants. and no Blue Check Mark! ğŸŒˆğŸ˜±â†•ï¸ğŸ‡²ğŸ‡½ğŸ‡ºğŸ‡¸ğŸ‡ºğŸ‡¦ğŸ‡¬ğŸ‡·ğŸ·ğŸ¥ƒğŸ¦®ğŸ‘¨ğŸ½â€ğŸ“ğŸ‘¨â€ğŸ‘¨â€ğŸ‘§â€ğŸ‘¦",562,"Northern Bay Area Calif, USA"
"I am a USFS retired, former IMT member. I live in E WA. Proud Mom of 3 Vets Navy & Marine, Seahawker, Kraken, Hawkeye and Cyclone",563,"Washington, USA"
"Molecular Biologist and Biotechnologist.  Nazis, the alt-right, white-supremacists and pro-hate Yellow vesters will be blocked if they are in my feed",564,"The Planet Earth, Milky Way"
We deliver the latest Canada  news everyday.,565,Manchester
,566,
"#Twitch Livestreamer, Ex-YouTuber.  Geek, Gamer, Bi-gender - No pronoun pref. ğŸ’‰ğŸ’‰ Business: 	blessed.eternal.on.twitch@gmail.com",567,"New Scotland, Canada"
"GEM Consulting exists to assist municipalities, businesses, and organizations increase resilience and decrease vulnerabilities to disasters and emergencies.",568,Canada
,569,"Southern Corsica, Corsica"
Dartmouthian. Mother of Vincent. Multimedia journalist and producer @saltwirenetwork. Personal Tweeter. Goose memorializer. Saver of bees & chairs. Totus Tuus.,570,"Ponamogoatitjg/ Dartmouth, NS"
"PhD, US history, JD. Book: https://t.co/df9dEiRjgu",571,"Oklahoma City, OK"
"Welcome to our support channel. Burning questions? Head to the Neighbourhood - https://t.co/ninRbXylL0  Pour un soutien en franÃ§ais, visitez @telussoutien",572,Canada
Host of Growing Up Fire Podcast - available to stream on all services opinions are my own,573,
